Objetivo Geral,Objetivo específico,,Conhecimento principal da questão,Questão,Alternativa correta,Alternativa errada 1,Alternativa errada 2,Alternativa errada 3,Conhecimento secundário da questão
1- Diagnosticar as estruturas teciduais e dentárias,1 - Diagnosticar as características de normalidade e alterações das estruturas ósseas dos maxilares,A - Histologia e Fisiologia óssea,a - Objetivo,"Segundo Arana (2012), o tecido ósseo é caracterizado pela sua consistência dura devido ao componente mineral na sua matriz e se organiza constituindo órgãos, os ossos, que, no seu conjunto, formam o esqueleto. Assinale a alternativa incorreta em relação às funções do esqueleto.",libera constantemente minerais,proteger os órgãos,suporta os músculos,hematopoiese,não se aplica
,,,b - Células ósseas,"Em relação às células do tecido ósseo, assinale a alternativa incorreta.","Quando os osteoclastos são rodeados pela matriz óssea, ficam alojados em lacunas conectadas por finos canalículos, diminuindo sua atividade sintética, e passam a ser chamados de osteócitos.","Os osteoblastos são as células sintetizadoras e secretoras dos elementos da matriz orgânica óssea, responsável pela formação do tecido ósseo.","Os osteócitos são células contidas na matriz óssea mineralizada, sendo responsável pela sua manutenção.","Os osteoclastos são as células que reabsorvem a matriz óssea mineralizada, promovendo a remodelação.",não se aplica
,,,c - Osteogênese,Osteogênese é o termo utilizado para se referia a formação do tecido ósseo. Assinale a alternativa correta.,"A osteogênese endocondral forma uma cartilagem hialina, que gradualmente é substituída  por tecido ósseo.",A osteogênese intramembranosa ocorre principalmente na cabeça do côndilo da mandíbula.,"Na osteogênese endocondral, os osteoblastos se proliferam e formam áreas com aparência macroscópica de membrana.",Os ossos longos e a região craniofacial são produtos da osteogênese intramembranosa.,não se aplica
,,B - Classificação dos tecidos ósseos,a - Classificação macroscópica,"O volume ósseo nem sempre é suficiente para reabilitação com implantes devido ao curso natural da perda dentária, doença periodontal, fratura radicular e problemas endodônticos. Diante dessa afirmação, assinale a alternativa correta.",O uso de enxerto de bloco ósseo é uma técnica que permite devolver o volume ósseo e posicionar os implantes no local ideal com alta previsibilidade.,"A reconstrução óssea em áreas estéticas exigem sempre um grande volume ósseo, sendo os enxertos provenientes do ramo da mandíbula e da sínfise mentoniana os mais utilizados como enxerto autógeno.","A perda de volume do enxerto é inevitável, justificando pela reabsorção, dificultando o sucesso da reabilitação com implantes dentários.","O osso esponjoso tem um processo de integração e substituição mais lento, por ser mais vascularizado e celularizado, mantendo o volume do enxerto.",não se aplica
,,,b - Classificação microscópica,"Em relação à classificação do tecido ósseo, assinale a alternativa correta.",O osso lamelar apresenta seus osteócitos em fileiras.,"O osso compacto é também chamado como cortical óssea e constitui o trabeculado ósseo, enquanto o osso esponjoso está localizado, normalmente, na superfície óssea.","Macroscopicamente, o osso primário, chamado de osso imaturo, é desorganizado, enquanto o osso secundário, também chamado de osso lamelar, é formado mais lentamente.","Microscopicamente, o tecido ósseo é classificado como esponjoso e compacto.",Principal: Objetivo Geral 1; Objetivo específico 1; B.) Classificação dos tecidos ósseos; a.) Classificação macroscópica.
,,,c - Densidade óssea,Quanto ao grau de densidade óssea:,"O osso tipo II e tipo III são semelhantes, pois apresentam características tanto de osso cortical como esponjoso.","O osso tipo I apresenta dos melhores resultados no processo de osseointegração, possuindo uma espessura de cortical maior.","É indicado o uso de implante cônico para o osso tipo II, devido seu efeito de corte, enquanto o osso tipo III tem indicação para implante cilíndrico, devido sua capacidade de compactar.","O osso tipo IV é caracterizado pela baixa densidade, sendo indicado a utilização de implante cilíndricos, que previsivelmente compactam o tecido ósseo, otimizando a estabilidade primária.",Secundário: Objetivo Geral 2; Objetivo específico 4; A. Desenho do implante (macroengenharia); b.)Cônico. Terciário: Objetivo Geral 2; Objetivo específico 4; A. Desenho do implante (macroengenharia); c.) Cilíndrico.
,,C - Alterações ósseas,a - Cavidade,"Os seios maxilares são cavidades situadas no corpo da maxila, de formado piramidal quadrangular, estendendo-se geralmente dos segundos molares aos primeiros pré-molares superiores. Em relação ao seio maxilar, assinale a alternativa correta.",A perfuração de até 5mm da membrana sinusal pode ser reparada com membrana reabsorvível ou sutura simples com fio de sutura reabsorvível.,"A reabsorção do rebordo alveolar e a pneumatização do seio maxilar podem aumentar seu volume ósseo, sendo indicado a realização de enxertia óssea.",O processo de pneumatização do seio maxilar ocorre devido a menor atividade osteoclástica da membrana sinusal após perda dentária.,A técnica de levantamento de seio pela janela lateral é indicada quando a distância entre a crista do rebordo e o assoalho do seio maxilar for maior que 7 mm.,Objetivo Geral 2; Objetivo específico 5; H. Técnica de reconstrução ou preservação tecidual; c.) Técnicas; levantamento do assoalho do seio maxilar.
,,,b - Perda óssea vertical,Assinale a alternativa que não corresponde a uma hipótese de alteração das estruturas ósseas dos maxilares.,osteoporose,pneumatização do seio maxilar,cavidade cística,perda óssea vertical,não se aplica
,,,c - Perda óssea horizontal,"Na reconstrução de rebordos alveolares atróficos com fins à Implantodontia, considera-se enxerto aposicional em bloco:",Enxerto sobre cortical externa previamente perfurada,Enxerto entre osteotomias,Enxerto dentro do seio maxilar,Enxerto entre expansão cortico-medular,Objetivo Geral 2; Objetivo específico 6; H.) Técnica de reconstrução ou preservação tecidual; c.) Técnicas
,"2 - Diagnosticar as características de normalidade e alterações das mucosas bucais, e das estruturas de suporte dos elementos dentários",A - Características de normalidade das mucosas bucais,a - Anatomia da mucosa bucal,"Em relação às mucosas bucais, assinale a alternativa que corresponde a sequencia enumerada na imagem: (inserir a figura 1 que está no arquivo em anexo)",(1) mucosa alveolar; (2) junção mucogengival; (3) gengiva inserida,(1) mucosa alveolar; (2) gengiva marginal; (3) gengiva inserida,(1) gengiva marginal; (2) gengiva inserida; (3) gengiva interdental,(1) gengiva inserida; (2) junção mucogengival; (3) gengiva interdental,não se aplica
,,,b - Características da mucosa bucal sadia,"Em relação às mucosas bucais, assinale a alternativa correta:","A gengiva inserida é, normalmente, maior na região de incisivos e mais estreita nos segmentos posteriores.","A gengiva inserida é vermelha, lisa e brilhante.",A gengiva marginal é pontilhada.,A mucosa bucal tem a função de recobrir apenas o osso alveolar e a raiz dental.,não se aplica
,,,c - Fenótipos gengivais (ou biotipos gengivais),"Paciente procura sua clínica relatando que realizou a cirurgia de instalação de implante há 6 meses e que não consegue encontrar o cirurgião-dentista responsável pela cirurgia, sendo informado que ele mudou de país. Radiograficamente é possível observar que foi instalado um implante cônico  com um cover screw na região do 46. Clinicamente verifica-se que o implante foi sepultado pelos tecidos moles gengivais e que é possível ver um sombreamento acinzentado por transparência na gengiva. Assinale a alternativa correta:","Deve ser realizado a reabertura do implante com manejo da papila interimplantar, visando facilitar a higienização.",Pode-se afirmar que o outro profissional realizou a instalação de implante em alvéolo fresco.,"Com bisturi circular, perfurar o tecido mole e trocar o cover screw pelo cicatrizador, com o objetivo de preparar o tecido gengival para a moldagem.",A reabertura com manejo de tecido mole exige a realização de incisão parcial para preservar o arcabouço gengival já cicatrizado.,"Objetivo Geral 2; Objetivo específico 6; H.) Técnica de reconstrução ou preservação tecidual; c.) Técnicas; manejo dos tecidos moles (enxerto gengival livre, enxerto de tecido conjuntivo, enxerto misto)."
,,,d - Linha do sorriso,"Paciente jovem, 21 anos, tem como queixa principal as coroas dos dentes curtas e, quando sorri, mostra toda a papila interdental e mais de 2 mm da gengiva acima da margem gengival livre. Foi confirmada a ausência de harmonia entre altura e largura da coroa com auxílio da régua de Chu e a distância de 3mm entre a junção amelocementária e a crista óssea. Assinale a alternativa correta:",O que define a necessidade de realização da cirurgia de aumento de coroa clínica com ou sem osteotomia é a distância entre a junção amelocementária e a crista óssea,Não é possível prever a exposição radicular pós-operatória.,Este caso clínico certamente demanda a confecção de osteotomias.,Os “colarinhos” gengivais são necessariamente removidos com cureta periodontal na altura da junção amelocementária e suturas do tipo colchoeiro vertical interna são realizadas para fixar o tecido mole na posição desejada.,não se aplica
,,B - Alterações das mucosas bucais,a - Lesões brancas,Assinale a alternativa que corresponde a hipótese diagnóstica mais correta: (inserir a figura 2 que está no arquivo em anexo),Queimadura térmica,Queratose friccional,Lesão por mordida acidental (trauma),Leucoplasia por Cândida,não se aplica
,,,b - Lesões vermelhas,"Após 48 horas da consulta odontológica inicial, paciente entra em contato relatando coceira, vermelhidão e feridas no lábio inferior. Nenhum procedimento clínico foi realizado. Diante o exposto, qual o diagnóstico? Assinale a alternativa correta.",dermatite de contato alérgica,dermatite de contato irritativa,alergia ao látex,herpes labial,Objetivo geral 2; Objetivo específico 6; B. Biossegurança; b.) Equipamento de Proteção Individual (EPI).
,,,c - Lesões volumétricas,Assinale a alternativa que corresponde a hipótese diagnóstica mais correta: (inserir a figura 4 que está no arquivo em anexo),Carcinoma mucoepidermoide intraósseo,Sialoadenite,Pericoronarite,Adenoma pleomórfico,não se aplica
,,,d - Lesões neoplásicas,"Em relação às alterações das mucosas bucais, assinale a alternativa que correta.","Alterações das mucosas bucais, como hiperplasia, estomatite e carcinoma epidermóide, exigem a suspensão da cirurgia de instalação de implante dentário.","Paciente diagnosticado com Ameloblastoma é candidato a cirurgia para instalação de implante dentário, pois a lesão é benigna.",Candidíase eritematosa é uma alteração da mucosa bucal comum na sociedade e não há contraindicação para submeter o paciente a cirurgia de instalação de implante dentário.,As cirurgias de instalação de implante dentário devem ser adiadas quando o paciente apresenta lesões herpéticas na fase terciária.,Secundário: Objetivo Geral 1; Objetivo específico 2; B.) alterações das mucosas bucais; b.) Lesões vermelhas. Terciário: Objetivo Geral 1; Objetivo específico 2; B.) alterações das mucosas bucais; c.)Lesões volumétricas. Quaternário: Objetivo Geral 1; Objetivo específico 2; B.) alterações das mucosas bucais; a.) Lesões brancas. Quinquenário: Objetivo Geral 1; Objetivo específico 2; B.) alterações das mucosas bucais; e.) Lesões herpéticas.
,,,e - Lesões herpéticas,Assinale a alternativa que corresponde a hipótese diagnóstica mais correta: (inserir a figura 3 que está no arquivo em anexo),Queilite actínica,Herpes,Carcinoma epidermoide,Carcinma de células de Markel,não se aplica
,,C - Estrutura de suporte dos elementos dentários,a - Características de normalidade das estruturas de suporte dos elementos dentários,"A forma como um implante de titânio se integra ao tecido ósseo é substancialmente diferente da inserção existente entre um elemento dental e o seu respectivo alvéolo. Com relação a essas diferenças pode-se estabelecer que: I - O elemento dental apresenta menor mobilidade do que um implante osseointegrado. II - A inserção conjuntiva periodontal apresenta fibras colágenas orientadas perpendicularmente à superfície radicular e no implante as fibras, nos tecidos moles periimplanteres, correm paralelamente. III - O tecido periodontal, via de regra, é mais vascularizado e celularizado do que o tecido periimplantar. IV - As diferenças entre os tecidos periodontais e periimplantares repercutem, normalmente, em uma menor profundidade à sondagem ao redor do implante do que ao redor do dente, mesmo ambos apresentando saúde periimplantar e periodontal, respectivamente. É correto apenas o que se afirma em:",II e III,I e III,IV,"I, II, III e IV",não se aplica
,,,b - Características radiográficas,"Em relação à imagem as características de normalidade do osso alveolar, assinale a alternativa incorreta.","Radiograficamente, em pacientes com gengivite, a crista alveolar deixa de ser contínua com a lâmina dura de dentes adjacentes.","A altura da crista alveolar dos dentes posteriores fica em um nível aproximado de 0,5 a 2,0 mm abaixo das junções amelo-cementárias em relação aos dentes adjacentes.",A crista alveolar entre os dentes anteriores é geralmente pontiaguda.,A ausência de atividade de periodontite é radiograficamente caracterizada pelo contorno cortical bem mineralizado da crista alveolar.,não se aplica
,,D - Alterações das estruturas de suporte dos elementos dentários,a - Doenças periodontais,"Clinicamente foi observado que o implante do paciente A.R.S., do gênero masculino, 30 anos, instalado na região do dente 14 em janeiro de 2018, apresenta mobilidade horizontal maior que 0,5 mm. O que pode justificar esse prognóstico? Assinale a alternativa correta.",Peri-implantite,Periodontite decorrente de leucemia,Cisto odontogênico,Periodontite crônica,Objetivo Geral 3; B. Sucesso e insucesso na Implantodontia; b.) Insucesso dos implantes.
,,,b - Características radiográficas,"Em relação à imagem, qual a hipótese diagnóstica? Assinale a alternativa correta. (inserir figura 5 do arquivo em anexo)",Abscesso periodontal,Cisto odontogênico,Periodontite,Gengivite,não se aplica
2 - Planejar cirurgias de instalação de implantes,1 - Coleta de dados do paciente,A - Exames gerais,a - Anamnese,"Paciente do gênero feminino, 29 anos de idade, queixa-se que, no primeiro trimestre na gravidez, esporadicamente drenava pus da gengiva do dente 11. Hoje, no terceiro trimestre da gravidez, a coroa desse dente caiu. Clinicamente foi possível verificar a fratura radicular do referido elemento dentário, sendo indicada a exodontia atraumática e a instalação de implante. Diante do exposto, assinale a alternativa correta.","Lidocaína, penicilina, eritromicina e acetaminofen podem ser usados por gestantes.",Qualquer procedimento cirúrgico é contraindicado para gestantes.,A única intervenção odontológica que a gestante pode ser submetida é a profilaxia bucal para controle da gengivite gravídica.,"É completamente contraindicado realizar procedimentos cirúrgicos no primeiro trimestre de gravidez, devido a hipotensão que pode ocorrer na posição supino.",Objetivo Geral 2; Objetivo específico 1; 1.) Exames gerais; B.)Exame clínico.
,,,b - Exame clínico,"O cirurgião-dentista deve avaliar a qualidade de saúde dos dentes naturais por meio de índices endodônticos, periodontais e protéticos para conhecer a real viabilidade do dente. Assinale a alternativa correta.",Prognóstico incerto em relação ao dente adjacente ao sítio do futuro implante deve considerar a exodontia.,Paciente não colaborativo com envolvimento de furca grau II no dente 26 tem prognóstico de 5 a 10 anos.,"Paciente com lesão endodôntica maior do que 5 mm em elemento previamente tratado, tem prognóstico de 5 a 10 anos.",Elemento com mobilidade grau I ao lado do sítio cirúrgico tem prognóstico de mais de 10 anos.,Objetivo Geral 2; Objetivo específico 1; 1.) Exames gerais; A.) Anamnese.
,,,c - Exames laboratoriais,"Os exames laboratoriais pré-cirurgicos são essenciais para o planejamento e execução da cirurgia para instalação de implante dentário. Dentre as alternativas, qual exame laboratorial é dispensável?",TSH,Jejum por 12 horas,Hemograma,Coagulograma,não se aplica
,,,d - Exames imaginológicos,"O paciente F.J.F. relata que, em 2013, foi confeccionada uma coroa unitária sobre dente no elemento 21. Há 2 meses percebeu que a gengiva marginal livre está arroxeada e a que a prótese está se movimentando. Radiograficamente foi verificado presença de fratura radicular. Como cirurgião-dentista do paciente F.J.F., assinale a alternativa correta:","Após exodontia atraumática com periótomo, utilizar biomaterial de reabsorção lenta para manutenção do volume alveolar, protegendo a região com uma matriz colágena ou enxerto gengival.","Após anestesia infiltrativa, será realizado um retalho de espessura total na região do elemento 21, visando facilitar o rompimento da união das fibras dento-gengivais, favorecendo o procedimento de luxação.","A melhor alternativa para preservar o alvéolo é usar o extrator, considerada a técnica de exodontia minimamente invasiva.","Após realização atraumática com periótomo, posicionar uma membrana reabsorvível para preservar o coágulo dentro do alvéolo e impedir a migração gengival, minimizando a alteração dimensional do alvéolo pós-extração.",Secundário: Objetivo Geral 2; Objetivo específico 6; D. Anestesia; a.) Anestesia local. Terciário. :  Objetivo Geral 2; Objetivo específico 6; F. Acesso cirúrgico; c.) Retalho. Quaternário: Objetivo Geral 2; Objetivo específico 6; E.) Técnicas de exodontia; b.) Exodontia atraumática. Quintenário: Objetivo Geral 2; Objetivo específico 6; H. Técnica de reconstrução ou preservação tecidual; a.) Biomateriais; membrana. Sextenário: Objetivo Geral 2; Objetivo específico 6; H. Técnica de reconstrução ou preservação tecidual; a.) Biomateriais; enxerto ósseo.
,,B- Fotografia clínica,b - Fotografias intrabucais pré-opertaórias,"A fotografia clínica permite analisar a evolução do tratamento e as características estéticas do paciente, além de fazer parte do respaldo jurídico. Diante o exposto, assinale a alternativa correta.","As fotografias intrabucais frontal, lateral e oclusal são essenciais no momento pré-cirúrgico.","Durante a coleta de dados, suficiente a obtenção de duas fotografias extrabucais: frontal e lateral.","As fotografias intrabucais transoperatória frontal e lateral devem ser obtidas após rebatimento do retalho, instalação do implante e/ou enxerto e após sutura.","Durante a intervenção cirurgia, apenas a fotografia oclusal do momento da instalação do implante dentário é suficiente.",Secundário: Objetivo Geral 2; Objetivo específico 5; J. Fotografias intrabucais transoperatória; a.) Tipos de fotografia; Terciário: Objetivo Geral 2; Objetivo específico 5; J. Fotografias intrabucais transoperatória; b.) Momento para fotografar
,,C - Modelo de estudo,a - Objetivo,Assinale a alternativa que não corresponde à importância na obtenção do do modelo de estudo na Implantodontia.,Selecionar o comprimento ideal do implante dentário,Reproduzir a arcada dentária,Realizar o enceramento diagnóstico,Confeccionar o guia cirúrgico,não se aplica
,,D - Montagem em articulador,a - Objetivo,"Os articuladores semi ajustáveis, como o próprio nome diz, articula modelos antagônicos de maxila e mandíbula com o objetivo de simular os movimentos mandibulares e fornecer informações essenciais ao tratamento, com exceção:",Selecionar o comprimento do implante,Selecionar o local da osteotomia a partir do enceramento diagnóstico,Estudar os movimentos protrusivos,Avaliar o espaço protético,não se aplica
,,E - Enceramento diagnóstico e guia cirúrgico,a - Objetivo,"O planejamento reverso permite que a posição dos implantes seja norteada pela posição protética final, evitando problemas biológicos, mecânicos e estéticos. Diante dessa informação, assinale a alternativa correta:","O planejamento reverso permite a confecção do guia cirúrgico, que será utilizado principalmente para orientar o local da osteotomia no sentido mesio-distal e vestíbulo-lingual.","O planejamento reverso permite a confecção do guia cirúrgico, que será utilizado apenas para orientar o local da osteotomia no sentido mesio-distal.","O implante deve ser instalado onde há tecido ósseo, evitando maior desconforto cirúrgico ao paciente.","A instalação de um implante unitário dispensa o uso de guia, pois há os dentes remanescentes como referência.",Secundário: Objetivo Geral 2; Objetivo específico 1; 5. Enceramento diagnóstico e Guia Cirúrgico; B.) Guia cirúrgico. Terciário: Objetivo Geral 2; Objetivo específico 5; A. Importância e função do guia cirúrgico; a.) Objetivo. Quaternário: Objetivo Geral 2; Objetivo específico 5; A. Importância e função do guia cirúrgico; b.) Confecção do guia cirúrgico.
,,,b - guia cirúrgico,"O guia cirúrgico simula a localização ideal dos implantes a partir do enceramento diagnóstico e deve preencher alguns requisitos. Dentre as alternativas abaixo, qual requisito não deve estar presente no guia cirúrgico?",Volumoso,Rígido e estável,Transparente,Estar estendido sobre osso desdentado,Objetivo Geral 2; Objetivo específico 5; A. Importância e função do guia cirúrgico; b.) Confecção do guia cirúrgico.
,2 - Análise dos dados,A - Condições sistêmicas,,"Segundo a classificação para a severidade da doença adotada pela American Society of Anesthesiology, assinale a alternativa correta.","Paciente ASA IV e V podem ser submetidos a cirurgias simples, desde que devidamente medicado.",Paciente diabético é considerado classe ASA II e não pode ser submetido a cirurgia de instalação de implante unitário.,Paciente ASA III pode ser submetido a cirurgia desde que adotada a terapia antibiótica.,"Paciente ASA I pode ser submetido a qualquer cirurgia que não há risco de complicações, pois é considerado saudável.",não se aplica
,3 - Selecionar tipos de prótese implantossuportada,A - Objetivo,,"Em relação às vantagens das próteses implantossuportadas, assinale a alternativa incorreta.",Diminui a tonicidade muscular,Recupera a propriocepção oral,Reduz o tamanho das próteses,Reabilitação protética mais permanente,não se aplica
,,B - Unitária,,"Em relação às vantagens das próteses implantossuportadas, assinale a alternativa incorreta.",Diminui a tonicidade muscular,Recupera a propriocepção oral,Reduz o tamanho das próteses,Reabilitação protética mais permanente,Secundário: Objetivo Geral 2; Objetivo específico 3; B. Parcial. Terciário: Objetivo Geral 2; Objetivo específico 3; C. Total.
,,C - Parcial,,"Há 5 anos foi confeccionada uma prótese parcial fixa sobre dente ao paciente F.S.A, gênero masculino, na região de molar superior esquerda, pois foi necessário realizar exodontia do elemento 26. Hoje o paciente retornou e foi diagnosticada a presença de cárie nos dentes pilares (25 e 27) com envolvimento de furca e pneumatização do seio maxilar na região do 26. Paciente exigiu uma solução que não envolva o levantamento do assoalho do seio maxilar, mas que utilize implantes osseointegrados. Assinale a hipótese ideal de tratamento para o caso.","Instalação de dois implantes dentários nas regiões do 25 e 27 e confecção de prótese implantossuportada parcial, reabilitando as regiões do 25, 26 e 27.","Instalação de três implantes dentários e confecção de próteses implantossuportadas unitárias nas regiões do 25, 26 e 27.","Instalação de três implantes dentários, sendo selecionado implante curto na região do 26, e confecção de próteses implantossuportadas unitárias nas regiões do 25, 26 e 27.",Confeccionar uma prótese parcial removível.,não se aplica
,,D - Total,a - Protocolo,"As reabilitações sobre implante podem ter diversas conformações. Neste sentido, pode-se afirmar que: I - As próteses do tipo protocolo são próteses totais implanto retidas e muco suportadas. II - As próteses do tipo “overdenture” são próteses totais removíveis. III - Próteses parafusadas possuem a desvantagem da reversibilidade. IV - Próteses cimentadas apresentam facilidade para confecção de reparos após instalação definitiva. É correto apenas o que se afirma em:",II,"I, II e III",II e III,I e IV,Secundário: Objetivo Geral 2 ; Objetivo específico 3; C. Total; b.) Overdenture. Terciário: Objetivo Geral 2 ; Objetivo específico 3; D. Modo de retenção; a.) prótese implantossuportada cimentada. Quaternário: Objetivo Geral 2 ; Objetivo específico 3; D. Modo de retenção; b.) prótese implantossuportada parafusada (aparafusada).
,,,b - Overdenture,"As overdentures são uma opção de prótese implantossuportadas a pacientes completamente desdentados. Em relação a esse tipo de prótese, assinale a alternativa correta.",Tratamento alternativo para os casos em que não há exigência para confecção de prótese implantossuportadas fixa e exista a necessidade de grande reconstrução para obtenção de suporte labial.,É a única solução protética disponível aos pacientes que têm menor poder aquisitivo e querem que a reabilitação tenha retenção em implantes.,"Por ser uma prótese implanto-muco-suportada, não permite atingir a estabilidade oclusal com a prótese antagonista.","Trata-se de um tratamento longo, independente da necessidade de aumento ósseo.",não se aplica
,,E - Modo de retenção,a - prótese implantossuportada cimentada,Assinale a alternativa correta em relação às próteses implantossuportadas cimentadas e parafusadas.,"Uma das vantagens de prótese implantossuportada cimentada é a impossibilidade de permanecer resíduos do agente cimentante, que pode comprometer a saúde periodontal.","As próteses implantossuportadas cimentadas apresentam baixa incidência de falhas mecânicas, devido a supraestrutura ser mais passiva e oferecer maior resistência mecânica a área oclusal.","As próteses implantossuportadas parafusadas tem maior facilidade de reversibilidade, devido à maior índice de falhas técnicas, como o afrouxamento do parafuso de retenção.",O afrouxamento do parafuso de retenção de próteses implantossuportadas parafusados pode estar relacionado a falta de passividade das estruturas metálicas.,Secundário: Objetivo Geral 2 ; Objetivo específico 3; D. Modo de retenção; b.) prótese implantossuportada parafusada (aparafusada).
,,,b - prótese implantossuportada parafusada (ou aparafusada),"As reabilitações sobre implante podem ter diversas conformações. Neste sentido, pode-se afirmar que: I - As próteses do tipo protocolo são próteses totais implanto retidas e muco suportadas. II - As próteses do tipo “overdenture” são próteses totais removíveis. III - Próteses parafusadas possuem a desvantagem da reversibilidade. IV - Próteses cimentadas apresentam facilidade para confecção de reparos após instalação definitiva. É correto apenas o que se afirma em:",II,"I, II e III",II e III,I e IV,Secundário: Objetivo Geral 2 ; Objetivo específico 3; C. Total; a.) Protocolo. Terciário: Objetivo Geral 2 ; Objetivo específico 3; C. Total; b.) Overdenture. Quaternário: Objetivo Geral 2 ; Objetivo específico 3; D. Modo de retenção; a.) prótese implantossuportada cimentada (aparafusada).
,4 - Selecionar o tipo de implante,A - Desenho do implante (macroengenharia),a - Importância,"Em relação à macroengenharia dos implantes dentários, assinale a alternativa correta.","O desenho do implante favorece o processo de estabilidade primária e manutenção do tecido ósseo circundante ao longo do implante em função, bem como permite a adaptação a defeitos anatômicos e alvéolo pós-extração.","O implante dentário cilíndrico proporciona compressão do osso cortical, sendo indicado em alvéolo fresco.","A instalação de implante dentário cônico é considerado fácil, favorecendo a redução do estresse no osso cortical, sendo indicado para rebordos cicatrizados.","O implante cilíndrico é indicado para região de baixa densidade óssea, enquanto o implante cônico é indicado em região de densidade óssea do tipo IV.",Secundário: Objetivo Geral 2; Objetivo específico 4; A. Desenho do implante (macroengenharia); b.)Cônico. Terciário: Objetivo Geral 2; Objetivo específico 4; A. Desenho do implante (macroengenharia); c.)Cilíndrico.
,,,b - Cônico,Paciente apresenta zonas com concavidade vestibular que maximiza as chances de fenestração. Assinale a alternativa que indica a melhor opção de implante osseointegrável.,Cônico,Cilíndrico,Curto,"Qualquer desenho de implante será viável, desde que associado com expansor ósseo.",Objetivo Geral 2; Objetivo específico 4; A. Desenho do implante (macroengenharia); c.) Cilíndrico
,,,c - Cilíndrico,"Em relação ao desenho do implante dentário da figura, assinale a alternativa correta. (inserir figura 6 do arquivo em anexo)",Indicado para instalação em sítio cirúrgico que apresente densidade óssea tipo I e II.,Alvéolo fresco,Indicado para instalação em sítio cirúrgico que apresente densidade óssea tipo III e IV.,"Independete da densidade óssea, pois a distribuição das tensões é mais equilibrada em comparação ao cônico.",não se aplica
,,,d - Desenho das roscas,"O desenho das roscas do implante dentário melhora a estabilidade primária, aumenta a área de superfície do implante e favorece as dissipações das tensões no tecido ósseo. Diante dessa informação, assinale a alternativa incorreta.","Para que o implante dentário apresente uma boa estabilidade primária em osso do tipo II, o ideal é utilizar implantes com roscas trapezoidais.","Os implantes com roscas arredondadas têm uma ótima estabilidade primária, desde que usados em osso do tipo I.",Implantes com roscas quadradas são uma excelente opção para osso tipo I.,"As roscas triangulares têm uma ótima inserção, mas estabilidade regular, em osso tipo IV.",Secundário: Objetivo Geral 2; Objetivo específico 4; A. Desenho do implante (macroengenharia); d.) Desenho das roscas; Tipos. Terciário: Objetivo Geral 1; Objetivo específico 1; B.) Classificação dos tecidos ósseos; c.) Densidade óssea.
,,B - Conexão de implantes,a - Hexágono interno,"Os implantes dentários apresenta três conexões protéticas: hexágono externo, hexágono interno e Cone Morse. Assinale a alternativa correta.","Nos casos clínicos que envolvam reabilitações em estágio único e carga imediata, a melhor opção são os implantes dentários com conexão hexágono interno.","O implante dentário com conexão hexágono externo apresenta menor incidência de afrouxamento do parafuso de retenção, principalmente quando selecionado em casos clínicos que envolvam prótese implantossuportada unitária.","Devido a fácil reversibilidade dos implantes dentários com hexágono externo, são indicados para reabilitar regiões estéticas.","Os implantes dentários Cone Morse devem ser selecionados em casos clínicos em que a reabilitação será em dois estágios, devido à melhora estabilidade mecânica do pilar, minimizando afrouxamento e fratura do parafuso de retenção.",Secundário: Objetivo Geral 2; Objetivo específico 4; B. Conexões de implantes; c.) Cone Morse. Terciário:  Objetivo Geral 2; Objetivo específico 4; B. Conexões de implantes; b.) Hexágono externo.
,,,b - Hexágono externo,"Em relação aos implantes com hexágono externo, assinale a alternativa incorreta.",Incompatibilidade com diversos fabricantes,"Há maior acúmulo de bactéria na interface prótese-implante, devido ao processo de saucerização.",Tem baixa previsibilidade,Menor custo-benefício em todos os planejamentos,não se aplica
,,,c - Cone Morse,Assinale a alternativa correta sobre plataforma switching.,Promove a manutenção do osso cervical e a espessura de tecido mole.,O perfil de emergência permanece vulnerável.,Não há evidência científica suficiente sobre as suas propriedades.,Indicado para regiões com espaço protético curtos.,não se aplica
,,C - Texturização de superfície,a - Importância,"Branemark descreveu a osseointegração como “o contato direto entre osso vivo e uma superfície de implante sob cargas funcionais sem interposição de tecido mole ao nível da microscopia óptica”. Diante dessa afirmação, assinale a alternativa incorreta.",A texturização por jateamento não limita a proliferação de tecido mole e não potencializa a formação óssea.,A texturização de superfície do implante tem o objetivo de maximizar e acelerar a osseointegração.,"Microscopicamente, as superfícies usinadas apresentam ranhuras e sulcos produzidos durante a usinagem, podendo observar uma osteogênese a distância.",A texturização da superfície do implante tem uma desvantagem: aumenta a retenção de placa bacteriana quando acima do nível ósseo.,não se aplica
,,,b - Característica de texturização,"A texturização da superfície de implantes dentários com revestimento de hidroxiapatita tem apresentado melhores resultados na resistência da interface hidroxiapatita-osso em comparação ao titânio no osso. Em relação ao revestimento de hidroxiapatita, assinale a alternativa correta.",Cicatrização da interface óssea mais rápida,Maior corrosão de metais,Minimiza a retenção de biofilme,Esfoliação após a instalação do implante,Secundário: Objetivo Geral 2; Objetivo específico 4; C. Texturização de superfície; e.) Forma de texturização. Terciário: Objetivo Geral 2; Objetivo específico 4; C. Texturização de superfície; c.) Métodos de texturização
,,,c - Métodos de texturização,"Em relação à pulverização com plasma de titânio, assinale a alternativa correta.",Esse procedimento promove o desprendimento de titânio após a instalação do implante.,"Não aumenta a área de superfície da interface osso-implante, podendo encurtar o tempo da osseointegração.","Atua de forma similar a uma superfície tridimensional, estimulando a adesão por osteogênese endocondral.",É a única opção para acelerar e melhorar o embricamento do osso em poros da superfície do implante.,Objetivo Geral 2; Objetivo específico 4; C. Texturização de superfície; e.) Forma de texturização.
,,,d - Superfície usinada,Assinale a alternativa que corresponde ao método pioneiro de texturização da superfície de implantes dentários.,Usinada,Plasma pray de titâneo,Jateamento associado ao ataque ácido,Anodização,não se aplica
,,,e - Forma de texturização,"Em relação aos implantes com superfície jateada, assinale a alternativa correta.",O jateamento pode deixar partículas residuais (íons do alumínio) na superfície do implante que pode prejudicar a formação óssea.,"Agentes, como óxido de alumínio, são utilizados para diminuir a variabilidade na aparência da superfície do implante.","O jateamento é capaz de permitir a adesão, proliferação e diferenciação dos osteoblastos e fibroblastos com muita previsibilidade.",O óxido de alumínio é o agente de eleição no processo de jateamento de superfície de implantes dentais.,Objetivo Geral 2; Objetivo específico 4; C. Texturização de superfície; c.) Métodos de texturização
,5 - Produzir o guia cirúrgico,A - Importância,a - Objetivo,"O planejamento reverso permite que a posição dos implantes seja norteada pela posição protética final, evitando problemas biológicos, mecânicos e estéticos. Diante dessa informação, assinale a alternativa correta:","O planejamento reverso permite a confecção do guia cirúrgico, que será utilizado principalmente para orientar o local da osteotomia no sentido mesio-distal e vestíbulo-lingual.","O planejamento reverso permite a confecção do guia cirúrgico, que será utilizado apenas para orientar o local da osteotomia no sentido mesio-distal.","O implante deve ser instalado onde há tecido ósseo, evitando maior desconforto cirúrgico ao paciente.","A instalação de um implante unitário dispensa o uso de guia, pois há os dentes remanescentes como referência.",Secundário: Objetivo Geral 2; Objetivo específico 1; 5. Enceramento diagnóstico e Guia Cirúrgico; B.) Guia cirúrgico. Terciário: Objetivo Geral 2
,,,b - Confecção do guia cirúrgico,"O guia cirúrgico simula a localização ideal dos implantes a partir do enceramento diagnóstico e deve preencher alguns requisitos. Dentre as alternativas abaixo, qual requisito não deve estar presente no guia cirúrgico?",Volumoso,Rígido e estável,Transparente,Estar estendido sobre osso desdentado,Objetivo Geral 2; Objetivo específico 1; 5. Enceramento diagnóstico e Guia Cirúrgico; B.) Guia cirúrgico.
,6 - Instalar o implante,A - Pré-operatório,a - Terapêutica medicamentosa,"O American College of Surgeons (Committee on Control of Surgical Wound Infections) classificou os procedimentos cirúrgicos de acordo com níveis de contaminação e taxas de infecção, aconselhando o uso dos antibióticos profiláticos. A cirurgia de implante dentário está em qual categoria? Assinale a alternativa correta.","Limpa-contaminada, mostrando ter uma taxa de infecção de 10% a 15%.","Limpa, assim como cirurgia sem inflamação aguda.","Contaminado, pois há inflamação, mostrando uma taxa de infecção de 50%.","Infectada, havendo uma taxa de infecção de 30%",não se aplica
,,,b - Cuidados gerais,"A endocardite bacteriana é uma infecção das válvulas cardíacas ou da superfície endotelial do coração, sendo os procedimentos odontológicos que causam bacteremia sua principal causa. Dessa forma, cabe ao implantodontista identificar o paciente de risco e prescrever antibióticos profiláticos. Dentre as condições abaixo, qual alternativa não é recomendada a profilaxia antibiótica?",Prolapso da válvula mitral sem regurgitação,Valvas cardíacas artificiais,Doença cardíaca congênita cianótica,Defeitos cardíacos congênitos reparados com material protético,Objetivo Geral 2; Objetivo específico 2; 1. Condições sistêmicas.
,,,a - Equipamento de Próteção Individual (EPI),"Durante a cirurgia de instalação de implante dentário, qual equipamento de proteção individual que o cirurgião-dentista utiliza e não é considerado descartável.",Óculos de proteção,Gorro,Máscara,Luva,não se aplica
,,,b - Processamento dos instrumentais,"Em relação à biossegurança, assinale a alternativa incorreta.",Os instrumentais semicríticos são aqueles que perfuram o tecido mole.,"Os produtos para higienização das mãos dos profissionais de saúde contêm níveis baixos ou médios de agentes antimicrobianos, visando minimizar a quantidade de microrganismos transitórios nas mãos e auxiliar na redução do número de bactérias residentes, por meio da atividade química bactericida.",A esterilização é considerado o maior nível de inativação microbiana que pode ser alcançado.,"A desinfecção é destinada a eliminar microrganismos com potencial patogênico, mas não necessariamente endósporos bacterianos.",não se aplica
,,C - Instrumentais e kit cirúrgico,a - Brocas e chaves do kit cirúrgico,Para a instalação de cicatrizador em implante Cone Morse é indicado a utilização de qual chave digital? Assinale a alternativa correta.,"1,2 mm",0.9 mm,1.6 mm,quadrada,não se aplica
,,,b - Enxoval cirúrgico,"Embasado nos conhecimentos sobre os dispositivos e componentes utilizados em Implantodontia, pode-se afirmar que: I - O cicatrizador é normalmente utilizado em cirurgias onde está indicado o sepultamento do implante. II - O “cover screw” é normalmente utilizado em situações onde se deseja facilitar o acesso à plataforma do implante, sem necessidade de outra abertura cirúrgica. III - O pilar ou “abutment” pode ser torquedo no mesmo dia da instalação do implante em situação de carga imediata IV - A reabilitação protética pode ser cimentada ou parafusada. Estão corretas, apenas, a(s) afirmativa(s):",III e IV,"I, II e IV",I e IV,"I, II, III e IV",não se aplica
,,D - Anestesia,a - Anestesia local,"Para intervenções cirúrgicas, indispensável a realização de anestesia local e a correta seleção do anestésico para determinado paciente. Assinale a alternativa correta.",Paciente com doença cardiovascular considerado ASA I pode utilizar anestésico local com adrenalina a 1:100.000.,"Paciente que relata alergia ao bissulfito não podem fazer uso de anestésicos locais que contenha vasoconstritor, sendo indicado anestesia geral.",Paciente diagnosticado com hipertireoidismo ASA II só pode utilizar prilocaína a 4%.,Paciente diagnosticado com metemoglobinemia idiopática deve fazer uso de prilocaína a 3%.,Secundário: Objetivo Geral 2; Objetivo específico 2; 1. Condições sistêmicas. Terciário: Objetivo Geral 2; Objetivo específico 1; 1. Exames gerais; A.) Anamnese.
,,E - Técnicas de exodontia (quando necessário),a - Exodontia convencional,"Paciente do gênero masculino, 37 anos, relata dor ao exercer força mastigatória no dente 46, o qual apresenta uma extensa restauração em amálgama e raízes longas e divergentes. Foi removida a referida restauração e confirmada a presença de fratura radicular, sendo indicada a extração. Assinale a alternativa correta quanto à conduta a ser realizada.",Odontossecção,Ostectomia parcial,Ostectomia total,Extrator,não se aplica
,,,b - Exodontia atraumática (periótomo),Como devem ser os movimentos durante a luxação com o auxílio de um periótomo? Assinale a alternativa correta.,Movimentos de rotação nos diedros,Movimentos de alavanca nas interproximais do dente a ser extraido.,Movimento ao redor de todas as faces do dente a ser extraido.,Movimentos de rotação na lingual.,não se aplica
,,,c - Exodontia atraumática (extratores),"Em relação à preservação alveolar, assinale a alternativa correta:",O uso de periótomo e extratores durante a exodontia diminuem a chance de perda das paredes ósseas.,"Os biomateriais ósseos de reabsorção lenta dependem, necessariamente, da instalação de implante para atingirem seus resultados.","Em região anterior, caso haja a fratura da tábua vestibular ao terminar a exodontia, o cirurgião-dentista deve realizar suturas interrompidas e aguardar 3 meses.","Os extratores entraram recentemente no mercado e são uma excelente alternativa para realizar exodontia atraumática, pois não há limitações para o seu uso.",não se aplica
,,F - Acesso cirúrgico,a - Incisão,Assinale a alternativa que corresponde ao tipo de incisão realizada na técnica para aumento de coroa clínica sem osteotomia da figura. (inserir figura 6 do arquivo em anexo),incisão em bisel invertido,incisão na crista vestibular,Incisão retilínea na vestibular,Incisão sulcular,não se aplica
,,,b - Descolamento,Assinale a alternativa que correspoden ao nome do instrumento cirúrgico representado na imagem. (inserir figura 7 do arquivo em anexo),Descolador de Molt,Espátula nº 7,Descolador Seldin,Descolador Freer,não se aplica
,,,c - Retalho de espessura total,Assinale a alternativa que corresponde ao tipo de retalho. (inserir figura 6 do arquivo em,Retalho de espessura total,Retalho dividido,Retalho parcial,Retalho combinado,não se aplica
,,,d - Retalho de espessura parcial,Qual ao tipo de retalho realizado na técnica de aumento de rebordo em espessura e altura com enxerto misto? Assinale a alternativa correta.,Retalho de espessura parcial,Retalho de espessura total,Retalho combinado,Não há nenhum retalho,não se aplica
,,G - Técnica de instalação,a - Osteotomia,"O paciente D.E.A, 47 anos, considerado ASA I, relatou na anamnese que gostaria de reabilitar o elemento 45 com implante, o qual foi perdido devido à fratura do dente enquanto comia pipoca há aproximadamente 4 meses. Os demais dentes estão hígidos e saudáveis. Para instalação de um implante de plataforma regular (3,75mm), qual deve ser o espaço protético mínimo no sentido mesio-distal?","6,75mm","9,37 mm","5,25 mm","8,25",não se aplica
,,H - Técnica de reconstrução ou preservação tecidual,a - Biomateriais: membrana,"Frente a fenestração da tábua vestibular, assinale a alternativa que corresponde a ideal conduta do cirurgião-dentista.",Enxertar com osso particulado e posicionar membrana reabsorvível.,Abortar a cirurgia e realizar enxertia com bloco ósseo de origem alógena.,Não há o que fazer além de esperar a remodelação óssea.,Deixar o titânio exposto nesta localização.,Objetivo Geral 2; Objetivo específico 6; H. Técnica de reconstrução ou preservação tecidual; a.) Biomateriais; enxerto ósseo.
,,,b - Biomateriais: enxertos ósseos,"Devido à perda de espessura óssea, não é possível situar os implantes em posição ideal, sendo imprescindível a reconstrução óssea alveolar. Em relação a origem dos enxertos ósseos, podemos afirmar que:","O enxerto ósseo xenógeno é obtido de espécies diferentes do receptor, sendo mais comumente obtidos de bovinos e, eventualmente, de suínos ou equinos.",O enxerto ósseo aloplástico diferencia-se do enxerto ósseo autólogo por não permitir que o crescimento do osso ocorra a partir de células viáveis transferidas para dentro do enxerto.,O enxerto ósseo autógeno é considerado o padrão ouro devido a sua capacidade de conduzir e induzir os osteoclastos a sintetizarem matriz orgânica óssea a partir da ossificação endocondral.,O aloenxerto é escasso em razão ao tipo de processamento: congelado ou desidratação e desmineralização.,não se aplica
,,,c - Hemoderivados,"Com relação ao uso de hemoderivados em cirurgias relacionadas à Implantodontia, assinale a alternativa correta:","O PRP e o PRF resultam em aceleramento da cicatrização dos tecidos moles, com comprovação científica","O PRP e o PRF repercutem em maiores níveis de formação óssea em aumentos ósseos horizontais, com comprovação científica","O PRP e o PRF sempre culminam em maiores níveis de formação óssea em aumentos ósseos verticais, com comprovação científica","O PRP e o PRF resultam em uma diminuição do tempo de osseointegração quando utilizados no ato da instalação do implante, , com comprovação científica",não se aplica
,,,d - Técnicas: preservação alveolar (alvéolo fresco),"Após a extração de um dente anterior, ocorre a perda volumétrica expressiva de qual tábua óssea? Assinale a alternativa correta.",Vestibular,Lingual,Palatina,Interproximal,não se aplica
,,,e - Técnicas: manejo dos tecidos moles (enxerto gengival livre),A técnica de enxerto gengival livre é indicado em qual situação? Assinale a alternativa correta.,Aumento da faixa de gengiva ceratinizada,Aumento da espessura do rebordo alveolar,Recobrimento radicular,Aumento da faixa de mucosa alveolar,não se aplica
,,,f - Técnicas: manejo dos tecidos moles (enxerto de tecido conjuntivo),"Em relação aos tipos de enxertos de tecido mole, qual a alternativa correta?",O recobrimento radicular pode ser realizado pelo enxerto de tecido conjuntivo e pela matriz dérmica acelular ou matriz colágena.,Os enxertos de tecido mole são exclusivamente autógenos.,Os enxertos de tecido mole são exclusivamente autógenos ou sintéticos.,O enxerto gengival livre é indicado nos casos de recobrimento radicular e aumento da faixa de gengiva queratinizada.,não se aplica
,,,g - Técnicas: manejo dos tecidos moles (enxerto misto),"Nas duas últimas décadas, há uma valorização da estética vermelha, o que exige uma maior destreza do cirurgião-dentista em relação ao manejo de tecidos moles. Assinale a alternativa correta:","Caso haja necessidade de promover ganho tecidual no rebordo concomitantemente em altura e espessura, o enxerto misto é a melhor opção.","A manipulação tecidual é exclusivamente estética, não havendo qualquer repercussão funcional.",A necessidade aumento e/ou manutenção das características dos tecidos moles requer o uso de enxertos de tecidos moles que contenha apenas a porção epitelial.,"Caso haja necessidade de uma maior nível de ganho de gengiva queratinizada, o cirurgião-dentista deve recair sobre o enxerto gengival livre, que permite a cicatrização da região doadora por primeira intenção.",não se aplica
,,,h - Técnicas: aumento de coroa clínica,"Paciente jovem, 21 anos, tem como queixa principal as coroas dos dentes curtas e, quando sorri, mostra toda a papila interdental e mais de 2 mm da gengiva acima da margem gengival livre. Foi confirmada a ausência de harmonia entre altura e largura da coroa com auxílio da régua de Chu e a distância de 3mm entre a junção amelocementária e a crista óssea. Assinale a alternativa correta:",O que define a necessidade de realização da cirurgia de aumento de coroa clínica com ou sem osteotomia é a distância entre a junção amelocementária e a crista óssea,Não é possível prever a exposição radicular pós-operatória.,Este caso clínico certamente demanda a confecção de osteotomias.,Os “colarinhos” gengivais são necessariamente removidos com cureta periodontal na altura da junção amelocementária e suturas do tipo colchoeiro vertical interna são realizadas para fixar o tecido mole na posição desejada.,não se aplica
,,,I - Técnicas: reabertura de implante,"Paciente procura sua clínica relatando que realizou a cirurgia de instalação de implante há 6 meses e que não consegue encontrar o cirurgião-dentista responsável pela cirurgia, sendo informado que ele mudou de país. Radiograficamente é possível observar que foi instalado um implante cônico  com um cover screw na região do 46. Clinicamente verifica-se que o implante foi sepultado pelos tecidos moles gengivais e que é possível ver um sombreamento acinzentado por transparência na gengiva. Assinale a alternativa correta:","Deve ser realizado a reabertura do implante com manejo da papila interimplantar, visando facilitar a higienização.",Pode-se afirmar que o outro profissional realizou a instalação de implante em alvéolo fresco.,"Com bisturi circular, perfurar o tecido mole e trocar o cover screw pelo cicatrizador, com o objetivo de preparar o tecido gengival para a moldagem.",A reabertura com manejo de tecido mole exige a realização de incisão parcial para preservar o arcabouço gengival já cicatrizado.,não se aplica
,,,j - Reconstrução óssea aposicional do rebordo (horizontal e/ou vertical),"Após exodontia do elemento 14, observou-se a perda da tábua óssea vestibular. Diante dessa situação, qual a alternativa correta:","Se houver estabilidade primária, o cirurgião-dentista deve instalar o implante e adaptar um cover screw ao implante e, em seguida, rebater um retalho de espessura total até obter a visualização de 3 mm de estrutura óssea na área vestibular para inserção de membrana reabsorvível e inserir o biomaterial de enxertia óssea.","Como houve perda de uma das paredes ósseas, o cirurgião-dentista deve preencher o alvéolo com biomaterial de enxertia óssea e inserir uma membrana reabsorvível, independente de haver ou não estabilidade primária. Após 9 meses, é possível instalar o implante.","Se houver estabilidade primária, o cirurgião-dentista deve instalar e adaptar um cover screw ao implante e, em seguida, inserir apenas o biomaterial de enxertia óssea, minimizando a alteração dimensional do alvéolo.","O cirurgião-dentista deve instalar o implante nas paredes remanescentes para atingir a estabilidade primárias e inserir membrana reabsorvível, mantendo o volume do alvéolo e proporcionando o melhor custo-benefício ao paciente.",Objetivo Geral 1; Objetivo específico 1; C.) Alterações ósseas
,,,Técnicas: levantamento do seio maxilar,A reconstrução requerida para enxerto ósseo utilizado em cirurgia para levantamento do assoalho do seio maxilar é considerada:,Inlay,Onlay,Aposicional,Infra crestal,Secundário: Objetivo Geral 1; Objetivo específico 1; C.) Alterações ósseas; Terciário: Objetivo Geral 2; Objetivo específico 6; H. Técnica de reconstrução ou preservação tecidual; Enxertos ósseos.
,,,Técnicas: regeneração óssea guiada,"Paciente M.L.P., 48 anos de idade, gênero feminino, está insatisfeita com a prótese unitária sobre dente em metalocerâmica confeccionada no elemento 21, cimentada há 10 anos. Clinicamente foi possível observar a desadaptação do término cervical, provavelmente responsável pela infiltração e cárie recidivante. A radiografia periapical sugeriu a presença de lesão apical e clinicamente foi detectada presença de bolsa periodontal profundo e estreita no centro da face vestibular. Diante o exposto, assinale a alternativa correta.",Realizar exodontia atraumática com auxílio de periótomo e instalação de implante com regeneração óssea guiada.,"A presença de lesão apical inviabiliza a instalação de implante dentário, sendo indicada a confecção de prótese fixa sobre dente.",O ideal é realizar a exodontia com auxílio de extrator e instalação imediata do implante para evitar maior perda óssea.,"Realizar ostectomia parcial para preservar as paredes da lesão apical e, após curetagem e irrigação com tetraciclina, enxertar com osso autógeno e aguardar 6 meses para instalar o implante. Indispensável prótese provisória adesiva para proporcionar estética.",Secundário: Objetivo Geral 2; Objetivo específico 6; E.) Técnicas de exodontia; b.) Exodontia atraumática. Terciário: Objetivo Geral 1; Objetivo específico 2; D.) alterações das estruturas de suporte dos elementos dentários; b.) Características radiográficas.Quartenário: Objetivo Geral 2; Objetivo específico 6; H. Técnica de reconstrução ou preservação tecidual; c.) Técnicas.
,,I - Suturas,a - Tipos de sutura,Assinale a alternativa correta.,A sutura suspensória é uma boa opção para coaptação das bordas da área palatina doadora na remoção de tecido conjuntivo.,A cirurgia de rebordo com blocos ósseos deve ser sempre finalizada com sutura colchoeiro horizontal interna associada com suspensória.,A reabertura de implantes é concluída com sutura interrompida simples em todos os casos.,Em 3 dias é possível remover a sutura quando há apenas envolvimento de tecido mole.,Objetivo Geral 2; Objetivo específico 6; I. Suturas; b.) remoção de sutura (quando realizar).
,,,b - remoção de sutura,Assinale a alternativa que corresponde ao nome da sutura. (inserir figura 9 do arquivo em anexo),Sutura suspensória,Sutura de colchoiero contínua,Sutura cruzada,Sutura interrompida em forma de oito,não se aplica
,,J - Fotografias intrabucais transoperatórias,a - Tipos de fotografia,"A fotografia clínica permite analisar a evolução do tratamento e as características estéticas do paciente, além de fazer parte do respaldo jurídico. Diante o exposto, assinale a alternativa correta.","As fotografias intrabucais frontal, lateral e oclusal são essenciais no momento pré-cirúrgico.","Durante a coleta de dados, suficiente a obtenção de duas fotografias extrabucais: frontal e lateral.","As fotografias intrabucais transoperatória frontal e lateral devem ser obtidas após rebatimento do retalho, instalação do implante e/ou enxerto e após sutura.","Durante a intervenção cirurgia, apenas a fotografia oclusal do momento da instalação do implante dentário é suficiente.",Secundário: Objetivo Geral 2; Objetivo específico 1; 2. Fotografia clínica; A.) Objetivo.; Terciário: Objetivo Geral 2; Objetivo específico 5; J. Fotografias intrabucais transoperatória; b.) Momento para fotografar.
,,,b - Momento para fotografar,"A fotografia clínica permite analisar a evolução do tratamento e as características estéticas do paciente, além de fazer parte do respaldo jurídico. Diante o exposto, assinale a alternativa correta.","As fotografias intrabucais frontal, lateral e oclusal são essenciais no momento pré-cirúrgico.","Durante a coleta de dados, suficiente a obtenção de duas fotografias extrabucais: frontal e lateral.","As fotografias intrabucais transoperatória frontal e lateral devem ser obtidas após rebatimento do retalho, instalação do implante e/ou enxerto e após sutura.","Durante a intervenção cirurgia, apenas a fotografia oclusal do momento da instalação do implante dentário é suficiente.",Secundário: Objetivo Geral 2; Objetivo específico 1; 2. Fotografia clínica; A.) Objetivo. Terciário: Objetivo Objetivo Geral 2; específico 1; 2. Fotografia clínica; B.) Fotografias intrabucais pré-operatória. Quartenário: Objetivo Geral 2; Objetivo específico 5; J. Fotografias intrabucais transoperatória; a.) Tipos de fotografia; Quinternário: Objetivo Geral 2; Objetivo específico 5; J. Fotografias intrabucais transoperatória; b.) Momento para fotografar
,,K - Complicações trans e pós-cirúrgicas,,O implantodontista está sujeito a enfrentar eventuais complicações durante e/ou após a cirúrgica. Assinale a alternativa que indica uma situação que pode ser resolvida com o uso de analgésico.,Hiperestesia,Hemorragia,Falta de estabilidade primária,Edema,não se aplica
,,L - Orientação pós-operatória,a - Terapêutica medicamentosa,"A manipulação dos tecidos moles e duros durante os procedimentos de instalação de implantes e de enxertos ósseos predispõe o paciente à dor pós-operatória. Visando minimizar o conforto pós-operatório, qual a terapia recomendada para controle da dor?","Dipirona sódica 500 mg, sendo que o primeiro comprimido deve ser administrado ao final da cirurgia e os demais a cada 4 horas por 02 dias.","Ibuprofeno 300mg, sendo administrada dose única 1 hora antes da cirurgia.","Ácido acetilsalicílico 500mg, sendo que a primeira dose deve ser administrada 1 hora antes da cirurgia e as demais a cada 4 horas por 02 dias.","Acetamínofeno 500mg, sendo o primeiro comprimido administrado ao final da cirurgia e os demais a cada 3 horas por 02 dias.",não se aplica
,,,b - Cuidados gerais,Assinale a alternativa incorreta.,Evitar o uso de enxaguatório bucal,Orientar o paciente quanto a importância de obedecer os medicamentos e dosagens descritos na terapêutica pós-cirúrgica.,Acompanhar semanalmente nas primeiras duas semanas e posteriormente acompanhar mensalmente até a reabilitação.,Evitar alimentação muito dura nos 05 primeiros dias,não se aplica
3 - Manter os implantes em condições de saúde,1 - Manutenção das próteses implantossuportadas,A - Orientação de higienização oral diária,,"Em relação à manutenção de prótese implantossuportada, assinale a alternativa correta.",Orientar o paciente quanto a potência e o direcionamento do fluxo de irrigação do irrigador oral.,"A remoção da placa subgengival com escova dental associada ao uso de fio dental, reduz a quantidade e a composição da microbiota subgengival.",O cirurgião-dentista deve usar raspadores ultrassônicos e sônicos metálicos e instrumento com pontas de aço inoxidável.,"Após remoção do cálculo salivar, o polimento com taça de borracha ou escova rotatória macia e pasta profilática de granulação fina é contraindicado.",não se aplica
,,B - Retornos periódicos,,"Em relação a proservação de implante unitário, assinale a alternativa correta.",Acompanhamento semanal nas primeiras duas semanas e posteriormente acompanhamento mensal até a reabilitação.,"Acompanhar após 7 dias e, se não houver nenhuma intercorrência, o paciente tem alta até a data da reabilitação.","Acompanhamento após o primeiro mês, seguido de acompanhamento trimestral.",Acompanhamento diário até a remoção.,não se aplica
,2 - Sucesso e insucesso na Implantodontia,A - Sucesso dos implantes,,"Dentre as alternativas abaixo, qual condição clínica não caracteriza a saúde comprometida do implante osseointegrado.",Sem história de exsudato,Dor à função,Perda à sondagem > 7mm,Mobilidade grau 1,Objetivo Geral 3; B. Sucesso e insucesso na Implantodontia; b.) Insucesso dos implantes.
,,B - Insucesso dos implantes,,A falha na obtenção da osseointegração detectada no momento da conexão do pilar pode ser identificada no procedimento de reabertura. Assinale a alternativa correta.,Perda óssea horizontal inferior a 50% do corpo do implante pode ser solucionada com a redução da espessura do tecido mole para diminuir a profundidade de sondagem.,Perda óssea vertical ao redor do implante menor que 3 mm em mais de 25% da circunferência e menos da metade da altura do implante indica a necessidade de remoção do implante.,"Se a perda óssea vertical resultar em exposição das roscas do implante, antes de realizar a enxertia, é indispensável a aplicação de  plasma spray na superfície do implante para maximizar a osseointegração.",Perda óssea horizontal correspondente a mais da metade da altura do corpo do implante pode ser tratada com o posicionamento do tecido mole apicalmente.,não se aplica
,3 - Tratamento de sequelas periimplantares,,,"Paciente com 38 anos de idade, gênero feminino, foi submetida a cirurgia para instalação de implante dentário na região do elemento 12. A paciente, na anamnese, relatou fumar 10 cigarros por dia. Após a finalização do tratamento, a paciente não voltou às consultas de manutenção previamente orientadas. Decorrido 3 anos, paciente retorna alegando que o implante está com movimentação, o que foi constatado no exame clínico, além de apresentar cálculo subgengival na região dos dentes inferiores anteriores. Radiograficamente, foi constatada a perda óssea até a região apical do implante. Assinale a alternativa que justifique a melhor conduta do profissional.",Remoção do implante e realizar procedimentos de enxertia para substituir o osso perdido.,"Realizar um retalho de espessura total, curetar o tecido de granulação, descontaminar o implante dentário com ácido cítrico por 30 segundos, enxertar com osso aloplástico e membrana reabsorvível e aguardar 12 semanas.","Remover o implante e planejar reabilitação sem implante, pois novo implante certamente não terá bom prognóstico.","Realizar um retalho de espessura total, descontaminar a superfície de hidroxiapatita presente sobre o implante dentário com tetraciclina por 30 segundos, enxertar com osso autógeno e membrana reabsorvível e aguardar 12 semanas.",não se aplica
